filename,width,height,class,xmin,ymin,xmax,ymax
train/frame1756.jpg,1280,720,motorcycle,461,461,437,720
train/frame1756.jpg,1280,720,motorcycle,187,187,887,337
train/frame1756.jpg,1280,720,motorcycle,246,246,777,441
train/frame1756.jpg,1280,720,car,157,157,422,241
train/frame1756.jpg,1280,720,motorcycle,145,145,519,226
train/frame1756.jpg,1280,720,car,188,188,681,347
train/frame1756.jpg,1280,720,car,112,112,738,148
train/frame1756.jpg,1280,720,car,111,111,782,153
train/frame1756.jpg,1280,720,car,109,109,839,172
train/frame1756.jpg,1280,720,truck,263,263,123,442
train/frame1985.jpg,1280,720,car,164,164,416,238
train/frame1985.jpg,1280,720,car,245,245,302,434
train/frame1985.jpg,1280,720,motorcycle,179,179,772,286
train/frame1985.jpg,1280,720,car,129,129,676,185
train/frame1985.jpg,1280,720,motorcycle,168,168,509,255
train/frame1985.jpg,1280,720,car,134,134,582,215
train/frame1985.jpg,1280,720,car,126,126,809,194
train/frame1985.jpg,1280,720,car,111,111,744,165
train/frame1904.jpg,1280,720,car,157,157,421,237
train/frame1904.jpg,1280,720,car,148,148,616,256
train/frame1904.jpg,1280,720,car,239,239,407,383
train/frame1738.jpg,1280,720,motorcycle,158,158,905,268
train/frame1738.jpg,1280,720,motorcycle,182,182,845,326
train/frame1738.jpg,1280,720,motorcycle,262,262,681,480
train/frame1738.jpg,1280,720,car,146,146,773,255
train/frame1738.jpg,1280,720,car,138,138,614,214
train/frame1738.jpg,1280,720,truck,150,150,558,277
train/frame1738.jpg,1280,720,car,157,157,408,238
train/frame1738.jpg,1280,720,car,99,99,850,164
train/frame1738.jpg,1280,720,car,108,108,773,150
train/frame1862.jpg,1280,720,car,240,240,348,419
train/frame1862.jpg,1280,720,car,159,159,422,238
train/frame1862.jpg,1280,720,truck,207,207,664,387
train/frame1996.jpg,1280,720,motorcycle,202,202,722,346
train/frame1996.jpg,1280,720,car,211,211,405,374
train/frame1996.jpg,1280,720,car,155,155,419,232
train/frame1996.jpg,1280,720,motorcycle,157,157,562,237
train/frame1996.jpg,1280,720,car,131,131,603,210
train/frame1996.jpg,1280,720,car,124,124,690,181
train/frame1996.jpg,1280,720,car,133,133,795,219
train/frame1996.jpg,1280,720,car,119,119,878,166
train/frame1991.jpg,1280,720,car,226,226,363,393
train/frame1991.jpg,1280,720,car,160,160,421,239
train/frame1991.jpg,1280,720,motorcycle,161,161,539,246
train/frame1991.jpg,1280,720,motorcycle,183,183,751,316
train/frame1991.jpg,1280,720,car,128,128,683,184
train/frame1991.jpg,1280,720,car,133,133,589,210
train/frame1991.jpg,1280,720,car,129,129,806,214
train/frame1917.jpg,1280,720,car,136,136,650,224
train/frame1917.jpg,1280,720,car,158,158,422,203
train/frame1917.jpg,1280,720,car,202,202,327,345
train/frame1917.jpg,1280,720,car,201,201,500,316
train/frame1922.jpg,1280,720,car,138,138,666,221
train/frame1922.jpg,1280,720,car,189,189,529,295
train/frame1922.jpg,1280,720,car,189,189,357,331
train/frame1922.jpg,1280,720,car,159,159,383,233
train/frame1747.jpg,1280,720,motorcycle,168,168,892,296
train/frame1747.jpg,1280,720,motorcycle,211,211,814,377
train/frame1747.jpg,1280,720,motorcycle,334,334,600,605
train/frame1747.jpg,1280,720,car,157,157,424,243
train/frame1747.jpg,1280,720,truck,141,141,595,251
train/frame1747.jpg,1280,720,car,166,166,743,297
train/frame1747.jpg,1280,720,car,108,108,842,168
train/frame1747.jpg,1280,720,car,112,112,781,154
train/frame1747.jpg,1280,720,car,112,112,738,150
train/frame1747.jpg,1280,720,car,143,143,628,201
train/frame1747.jpg,1280,720,motorcycle,150,150,480,235
train/frame1052.jpg,1920,1080,motorcycle,389,389,1442,756
train/frame1052.jpg,1920,1080,motorcycle,176,176,295,323
train/frame1052.jpg,1920,1080,motorcycle,584,584,142,942
train/frame1052.jpg,1920,1080,bus,307,307,954,921
train/frame1746.jpg,1280,720,motorcycle,328,328,604,584
train/frame1746.jpg,1280,720,motorcycle,169,169,893,288
train/frame1746.jpg,1280,720,motorcycle,208,208,822,373
train/frame1746.jpg,1280,720,car,154,154,420,238
train/frame1746.jpg,1280,720,car,108,108,845,168
train/frame1746.jpg,1280,720,car,109,109,780,153
train/frame1746.jpg,1280,720,car,164,164,749,284
train/frame1746.jpg,1280,720,truck,132,132,591,253
train/frame1746.jpg,1280,720,motorcycle,158,158,472,239
train/frame1746.jpg,1280,720,car,115,115,731,149
train/frame1746.jpg,1280,720,car,137,137,626,205
train/frame1978.jpg,1280,720,motorcycle,158,158,793,256
train/frame1978.jpg,1280,720,car,159,159,417,238
train/frame1978.jpg,1280,720,car,138,138,567,223
train/frame1978.jpg,1280,720,car,269,269,223,483
train/frame1978.jpg,1280,720,motorcycle,180,180,476,274
train/frame1978.jpg,1280,720,car,134,134,664,196
train/frame1978.jpg,1280,720,car,111,111,744,168
train/frame1742.jpg,1280,720,motorcycle,299,299,649,526
train/frame1742.jpg,1280,720,motorcycle,161,161,895,278
train/frame1742.jpg,1280,720,motorcycle,197,197,830,345
train/frame1742.jpg,1280,720,car,157,157,769,268
train/frame1742.jpg,1280,720,car,154,154,422,242
train/frame1742.jpg,1280,720,car,141,141,623,212
train/frame1742.jpg,1280,720,truck,138,138,577,269
train/frame1742.jpg,1280,720,car,107,107,845,166
train/frame1742.jpg,1280,720,car,111,111,780,159
train/frame2003.jpg,1280,720,motorcycle,232,232,675,404
train/frame2003.jpg,1280,720,car,191,191,454,338
train/frame2003.jpg,1280,720,car,140,140,781,236
train/frame2003.jpg,1280,720,motorcycle,152,152,587,225
train/frame2003.jpg,1280,720,car,126,126,612,205
train/frame2003.jpg,1280,720,car,120,120,878,164
train/frame2003.jpg,1280,720,car,122,122,688,174
train/frame1714.jpg,1280,720,motorcycle,409,409,625,720
train/frame1714.jpg,1280,720,motorcycle,177,177,796,307
train/frame1714.jpg,1280,720,truck,201,201,389,385
train/frame1714.jpg,1280,720,car,172,172,538,269
train/frame1714.jpg,1280,720,motorcycle,145,145,877,254
train/frame1714.jpg,1280,720,motorcycle,127,127,911,224
train/frame1714.jpg,1280,720,car,162,162,392,231
train/frame1714.jpg,1280,720,car,112,112,758,164
train/frame1714.jpg,1280,720,car,127,127,832,199
train/frame1906.jpg,1280,720,car,148,148,622,251
train/frame1906.jpg,1280,720,car,160,160,421,236
train/frame1906.jpg,1280,720,car,239,239,426,371
train/frame1906.jpg,1280,720,car,222,222,212,384
train/frame1758.jpg,1280,720,car,155,155,419,246
train/frame1758.jpg,1280,720,motorcycle,499,499,383,720
train/frame1758.jpg,1280,720,motorcycle,200,200,888,342
train/frame1758.jpg,1280,720,motorcycle,258,258,766,459
train/frame1758.jpg,1280,720,motorcycle,145,145,530,223
train/frame1758.jpg,1280,720,truck,250,250,154,439
train/frame1758.jpg,1280,720,car,200,200,669,368
train/frame1758.jpg,1280,720,car,113,113,839,170
train/frame1758.jpg,1280,720,car,113,113,781,151
train/frame1758.jpg,1280,720,car,116,116,739,146
train/frame1736.jpg,1280,720,motorcycle,255,255,692,454
train/frame1736.jpg,1280,720,motorcycle,151,151,900,265
train/frame1736.jpg,1280,720,motorcycle,181,181,850,323
train/frame1736.jpg,1280,720,car,145,145,792,246
train/frame1736.jpg,1280,720,car,149,149,608,219
train/frame1736.jpg,1280,720,truck,153,153,549,282
train/frame1736.jpg,1280,720,car,159,159,401,237
train/frame1736.jpg,1280,720,car,108,108,847,157
train/frame1736.jpg,1280,720,car,111,111,770,147
train/frame1765.jpg,1280,720,truck,224,224,247,392
train/frame1765.jpg,1280,720,motorcycle,221,221,861,384
train/frame1765.jpg,1280,720,motorcycle,295,295,711,541
train/frame1765.jpg,1280,720,car,160,160,420,237
train/frame1765.jpg,1280,720,car,232,232,594,437
train/frame1765.jpg,1280,720,motorcycle,144,144,550,209
train/frame1765.jpg,1280,720,truck,125,125,657,216
train/frame1765.jpg,1280,720,car,114,114,837,173
train/frame1864.jpg,1280,720,car,234,234,370,404
train/frame1864.jpg,1280,720,car,160,160,421,238
train/frame1864.jpg,1280,720,truck,220,220,656,398
train/frame1992.jpg,1280,720,car,223,223,369,389
train/frame1992.jpg,1280,720,car,159,159,419,241
train/frame1992.jpg,1280,720,motorcycle,160,160,543,248
train/frame1992.jpg,1280,720,motorcycle,188,188,743,320
train/frame1992.jpg,1280,720,car,133,133,597,211
train/frame1992.jpg,1280,720,car,129,129,684,180
train/frame1992.jpg,1280,720,car,128,128,799,209
train/frame1759.jpg,1280,720,motorcycle,197,197,880,355
train/frame1759.jpg,1280,720,motorcycle,259,259,755,470
train/frame1759.jpg,1280,720,car,155,155,422,242
train/frame1759.jpg,1280,720,motorcycle,147,147,530,219
train/frame1759.jpg,1280,720,car,197,197,655,384
train/frame1759.jpg,1280,720,car,114,114,838,172
train/frame1759.jpg,1280,720,car,111,111,781,152
train/frame1759.jpg,1280,720,car,111,111,742,147
train/frame1757.jpg,1280,720,motorcycle,192,192,882,339
train/frame1757.jpg,1280,720,motorcycle,254,254,769,453
train/frame1757.jpg,1280,720,car,154,154,419,239
train/frame1757.jpg,1280,720,truck,254,254,130,445
train/frame1757.jpg,1280,720,motorcycle,480,480,410,720
train/frame1757.jpg,1280,720,car,196,196,670,355
train/frame1757.jpg,1280,720,motorcycle,147,147,523,218
train/frame1757.jpg,1280,720,car,108,108,839,172
train/frame1757.jpg,1280,720,car,113,113,739,146
train/frame1757.jpg,1280,720,car,112,112,782,153
train/frame1345.jpg,1280,720,motorcycle,174,174,751,282
train/frame1345.jpg,1280,720,car,157,157,420,238
train/frame1345.jpg,1280,720,motorcycle,284,284,776,499
train/frame1345.jpg,1280,720,motorcycle,282,282,657,484
train/frame1345.jpg,1280,720,motorcycle,239,239,516,439
train/frame1345.jpg,1280,720,motorcycle,330,330,372,599
train/frame1345.jpg,1280,720,motorcycle,130,130,832,203
train/frame1345.jpg,1280,720,motorcycle,132,132,951,214
train/frame1345.jpg,1280,720,motorcycle,154,154,999,266
train/frame1345.jpg,1280,720,motorcycle,137,137,571,202
train/frame1345.jpg,1280,720,car,120,120,665,183
train/frame1750.jpg,1280,720,motorcycle,178,178,892,304
train/frame1750.jpg,1280,720,motorcycle,222,222,810,397
train/frame1750.jpg,1280,720,motorcycle,373,373,547,672
train/frame1750.jpg,1280,720,car,158,158,422,237
train/frame1750.jpg,1280,720,motorcycle,150,150,493,237
train/frame1750.jpg,1280,720,truck,139,139,588,241
train/frame1750.jpg,1280,720,car,172,172,724,308
train/frame1750.jpg,1280,720,car,107,107,839,168
train/frame1750.jpg,1280,720,car,112,112,778,154
train/frame1750.jpg,1280,720,car,111,111,738,146
train/frame1238.jpg,1920,1080,motorcycle,598,598,150,938
train/frame1238.jpg,1920,1080,motorcycle,174,174,328,327
train/frame1238.jpg,1920,1080,motorcycle,276,276,214,472
train/frame1238.jpg,1920,1080,car,425,425,1920,1009
train/frame1238.jpg,1920,1080,car,432,432,1067,958
train/frame1238.jpg,1920,1080,motorcycle,181,181,213,283
train/frame1353.jpg,1280,720,motorcycle,282,282,411,528
train/frame1353.jpg,1280,720,motorcycle,324,324,595,564
train/frame1353.jpg,1280,720,motorcycle,328,328,739,572
train/frame1353.jpg,1280,720,motorcycle,155,155,553,250
train/frame1353.jpg,1280,720,motorcycle,193,193,708,319
train/frame1353.jpg,1280,720,motorcycle,128,128,820,214
train/frame1353.jpg,1280,720,motorcycle,134,134,947,230
train/frame1353.jpg,1280,720,car,159,159,422,238
train/frame1353.jpg,1280,720,motorcycle,130,130,585,199
train/frame1353.jpg,1280,720,car,119,119,677,178
train/frame1353.jpg,1280,720,motorcycle,428,428,181,720
train/frame1341.jpg,1280,720,motorcycle,177,177,485,278
train/frame1341.jpg,1280,720,motorcycle,166,166,772,268
train/frame1341.jpg,1280,720,car,159,159,422,238
train/frame1341.jpg,1280,720,motorcycle,139,139,562,211
train/frame1341.jpg,1280,720,motorcycle,266,266,791,470
train/frame1341.jpg,1280,720,motorcycle,262,262,680,450
train/frame1341.jpg,1280,720,motorcycle,297,297,441,535
train/frame1341.jpg,1280,720,motorcycle,222,222,560,403
train/frame1341.jpg,1280,720,car,121,121,659,185
train/frame1341.jpg,1280,720,motorcycle,154,154,989,261
train/frame1341.jpg,1280,720,motorcycle,128,128,837,194
train/frame1341.jpg,1280,720,motorcycle,135,135,947,212
train/frame1915.jpg,1280,720,car,138,138,648,229
train/frame1915.jpg,1280,720,car,161,161,420,210
train/frame1915.jpg,1280,720,car,204,204,315,350
train/frame1915.jpg,1280,720,car,198,198,494,318
train/frame1711.jpg,1280,720,motorcycle,361,361,670,655
train/frame1711.jpg,1280,720,motorcycle,169,169,803,295
train/frame1711.jpg,1280,720,car,174,174,526,274
train/frame1711.jpg,1280,720,truck,211,211,351,404
train/frame1711.jpg,1280,720,motorcycle,145,145,881,247
train/frame1711.jpg,1280,720,motorcycle,123,123,907,220
train/frame1711.jpg,1280,720,car,151,151,388,228
train/frame1711.jpg,1280,720,car,115,115,750,168
train/frame1711.jpg,1280,720,car,123,123,838,192
train/frame1768.jpg,1280,720,motorcycle,230,230,858,403
train/frame1768.jpg,1280,720,motorcycle,320,320,688,580
train/frame1768.jpg,1280,720,car,163,163,418,236
train/frame1768.jpg,1280,720,truck,216,216,282,367
train/frame1768.jpg,1280,720,car,253,253,557,478
train/frame1768.jpg,1280,720,motorcycle,140,140,559,209
train/frame1768.jpg,1280,720,truck,124,124,668,216
train/frame1768.jpg,1280,720,car,113,113,836,177
train/frame1020.jpg,1920,1080,motorcycle,356,356,480,652
train/frame1020.jpg,1920,1080,car,462,462,1719,941
train/frame1020.jpg,1920,1080,motorcycle,583,583,147,924
train/frame1020.jpg,1920,1080,motorcycle,305,305,997,556
train/frame1020.jpg,1920,1080,motorcycle,302,302,787,573
train/frame1020.jpg,1920,1080,motorcycle,513,513,1919,864
train/frame1020.jpg,1920,1080,motorcycle,205,205,453,407
train/frame1020.jpg,1920,1080,motorcycle,287,287,179,481
train/frame1930.jpg,1280,720,car,133,133,678,209
train/frame1930.jpg,1280,720,car,176,176,563,271
train/frame1930.jpg,1280,720,car,181,181,398,308
train/frame1710.jpg,1280,720,truck,211,211,335,411
train/frame1710.jpg,1280,720,motorcycle,359,359,688,634
train/frame1710.jpg,1280,720,car,176,176,524,273
train/frame1710.jpg,1280,720,motorcycle,173,173,803,295
train/frame1710.jpg,1280,720,motorcycle,143,143,881,247
train/frame1710.jpg,1280,720,car,126,126,838,195
train/frame1710.jpg,1280,720,car,161,161,381,238
train/frame1710.jpg,1280,720,car,112,112,747,166
train/frame1710.jpg,1280,720,motorcycle,123,123,911,216
train/frame1921.jpg,1280,720,car,139,139,663,219
train/frame1921.jpg,1280,720,car,191,191,524,298
train/frame1921.jpg,1280,720,car,165,165,378,225
train/frame1921.jpg,1280,720,car,193,193,351,339
train/frame1907.jpg,1280,720,car,145,145,624,245
train/frame1907.jpg,1280,720,car,162,162,422,236
train/frame1907.jpg,1280,720,car,233,233,433,363
train/frame1907.jpg,1280,720,car,219,219,227,375
train/frame1143.jpg,1920,1080,motorcycle,629,629,889,1029
train/frame1143.jpg,1920,1080,motorcycle,295,295,973,548
train/frame1143.jpg,1920,1080,motorcycle,591,591,156,942
train/frame1143.jpg,1920,1080,car,215,215,454,438
train/frame1734.jpg,1280,720,motorcycle,243,243,704,434
train/frame1734.jpg,1280,720,motorcycle,146,146,905,259
train/frame1734.jpg,1280,720,motorcycle,181,181,851,311
train/frame1734.jpg,1280,720,car,139,139,793,237
train/frame1734.jpg,1280,720,car,150,150,607,226
train/frame1734.jpg,1280,720,truck,154,154,535,281
train/frame1734.jpg,1280,720,car,154,154,387,235
train/frame1987.jpg,1280,720,car,236,236,324,416
train/frame1987.jpg,1280,720,car,163,163,417,239
train/frame1987.jpg,1280,720,motorcycle,178,178,768,291
train/frame1987.jpg,1280,720,motorcycle,169,169,519,258
train/frame1987.jpg,1280,720,car,126,126,681,186
train/frame1987.jpg,1280,720,car,133,133,587,213
train/frame1987.jpg,1280,720,car,126,126,811,206
train/frame1989.jpg,1280,720,car,161,161,416,235
train/frame1989.jpg,1280,720,car,229,229,344,409
train/frame1989.jpg,1280,720,motorcycle,166,166,529,249
train/frame1989.jpg,1280,720,car,135,135,586,213
train/frame1989.jpg,1280,720,car,130,130,679,185
train/frame1989.jpg,1280,720,motorcycle,183,183,757,300
train/frame1989.jpg,1280,720,car,128,128,804,206
train/frame1707.jpg,1280,720,motorcycle,324,324,716,573
train/frame1707.jpg,1280,720,motorcycle,166,166,805,278
train/frame1707.jpg,1280,720,motorcycle,143,143,880,237
train/frame1707.jpg,1280,720,car,177,177,507,281
train/frame1707.jpg,1280,720,car,159,159,376,234
train/frame1707.jpg,1280,720,truck,224,224,300,434
train/frame1707.jpg,1280,720,car,114,114,746,170
train/frame1707.jpg,1280,720,car,123,123,841,184
train/frame1707.jpg,1280,720,motorcycle,124,124,911,208
train/frame1343.jpg,1280,720,car,160,160,417,238
train/frame1343.jpg,1280,720,motorcycle,137,137,566,204
train/frame1343.jpg,1280,720,motorcycle,308,308,413,568
train/frame1343.jpg,1280,720,motorcycle,278,278,780,486
train/frame1343.jpg,1280,720,motorcycle,273,273,668,467
train/frame1343.jpg,1280,720,motorcycle,230,230,547,419
train/frame1343.jpg,1280,720,motorcycle,173,173,483,269
train/frame1343.jpg,1280,720,motorcycle,174,174,760,278
train/frame1343.jpg,1280,720,motorcycle,128,128,835,198
train/frame1343.jpg,1280,720,motorcycle,134,134,952,215
train/frame1343.jpg,1280,720,motorcycle,159,159,996,262
train/frame1343.jpg,1280,720,car,121,121,663,183
train/frame1446.jpg,1920,1080,car,391,391,632,721
train/frame1446.jpg,1920,1080,motorcycle,589,589,142,938
train/frame1446.jpg,1920,1080,motorcycle,268,268,679,474
train/frame1446.jpg,1920,1080,motorcycle,172,172,250,323
train/frame1748.jpg,1280,720,motorcycle,172,172,891,296
train/frame1748.jpg,1280,720,motorcycle,349,349,582,620
train/frame1748.jpg,1280,720,motorcycle,215,215,811,385
train/frame1748.jpg,1280,720,car,157,157,422,245
train/frame1748.jpg,1280,720,car,107,107,842,166
train/frame1748.jpg,1280,720,car,111,111,782,155
train/frame1748.jpg,1280,720,car,114,114,735,145
train/frame1748.jpg,1280,720,motorcycle,157,157,484,232
train/frame1748.jpg,1280,720,truck,138,138,588,246
train/frame1748.jpg,1280,720,car,169,169,737,296
train/frame1763.jpg,1280,720,motorcycle,209,209,868,378
train/frame1763.jpg,1280,720,motorcycle,276,276,723,515
train/frame1763.jpg,1280,720,car,151,151,420,245
train/frame1763.jpg,1280,720,motorcycle,138,138,545,219
train/frame1763.jpg,1280,720,car,219,219,622,414
train/frame1763.jpg,1280,720,truck,132,132,654,220
train/frame1763.jpg,1280,720,car,113,113,742,144
train/frame1763.jpg,1280,720,car,116,116,839,175
train/frame1763.jpg,1280,720,truck,231,231,225,405
train/frame1984.jpg,1280,720,car,163,163,421,238
train/frame1984.jpg,1280,720,car,249,249,294,440
train/frame1984.jpg,1280,720,motorcycle,171,171,507,258
train/frame1984.jpg,1280,720,car,131,131,674,186
train/frame1984.jpg,1280,720,motorcycle,175,175,778,279
train/frame1984.jpg,1280,720,car,134,134,578,220
train/frame1910.jpg,1280,720,car,143,143,630,238
train/frame1910.jpg,1280,720,car,219,219,461,345
train/frame1910.jpg,1280,720,car,210,210,257,363
train/frame1910.jpg,1280,720,car,160,160,421,228
train/frame1708.jpg,1280,720,motorcycle,332,332,705,591
train/frame1708.jpg,1280,720,motorcycle,164,164,805,289
train/frame1708.jpg,1280,720,truck,222,222,315,423
train/frame1708.jpg,1280,720,car,161,161,374,230
train/frame1708.jpg,1280,720,car,177,177,510,282
train/frame1708.jpg,1280,720,car,118,118,746,164
train/frame1708.jpg,1280,720,car,128,128,843,187
train/frame1708.jpg,1280,720,motorcycle,141,141,884,241
train/frame1708.jpg,1280,720,motorcycle,127,127,912,211
train/frame2002.jpg,1280,720,motorcycle,226,226,681,398
train/frame2002.jpg,1280,720,car,202,202,447,342
train/frame2002.jpg,1280,720,car,133,133,784,233
train/frame2002.jpg,1280,720,motorcycle,152,152,582,227
train/frame2002.jpg,1280,720,car,125,125,611,203
train/frame2002.jpg,1280,720,car,121,121,878,168
train/frame2002.jpg,1280,720,car,122,122,688,175
train/frame1988.jpg,1280,720,car,234,234,333,415
train/frame1988.jpg,1280,720,car,163,163,419,241
train/frame1988.jpg,1280,720,motorcycle,184,184,761,303
train/frame1988.jpg,1280,720,motorcycle,161,161,526,254
train/frame1988.jpg,1280,720,car,134,134,584,218
train/frame1988.jpg,1280,720,car,129,129,682,188
train/frame1988.jpg,1280,720,car,128,128,807,209
train/frame1988.jpg,1280,720,car,111,111,748,164
train/frame1766.jpg,1280,720,motorcycle,221,221,862,390
train/frame1766.jpg,1280,720,motorcycle,304,304,704,552
train/frame1766.jpg,1280,720,car,235,235,585,455
train/frame1766.jpg,1280,720,truck,219,219,258,379
train/frame1766.jpg,1280,720,car,159,159,420,239
train/frame1766.jpg,1280,720,motorcycle,144,144,553,210
train/frame1766.jpg,1280,720,truck,124,124,660,220
train/frame1766.jpg,1280,720,car,115,115,838,174
train/frame1709.jpg,1280,720,motorcycle,346,346,692,609
train/frame1709.jpg,1280,720,motorcycle,168,168,808,291
train/frame1709.jpg,1280,720,car,178,178,516,280
train/frame1709.jpg,1280,720,truck,214,214,327,419
train/frame1709.jpg,1280,720,car,111,111,742,166
train/frame1709.jpg,1280,720,car,157,157,377,235
train/frame1709.jpg,1280,720,car,123,123,842,191
train/frame1709.jpg,1280,720,motorcycle,146,146,878,243
train/frame1709.jpg,1280,720,motorcycle,118,118,916,214
train/frame1356.jpg,1280,720,motorcycle,339,339,566,601
train/frame1356.jpg,1280,720,motorcycle,339,339,727,603
train/frame1356.jpg,1280,720,motorcycle,305,305,362,570
train/frame1356.jpg,1280,720,car,159,159,420,239
train/frame1356.jpg,1280,720,motorcycle,200,200,687,337
train/frame1356.jpg,1280,720,motorcycle,135,135,947,226
train/frame1356.jpg,1280,720,motorcycle,138,138,816,223
train/frame1356.jpg,1280,720,motorcycle,151,151,561,246
train/frame1356.jpg,1280,720,motorcycle,134,134,591,193
train/frame1356.jpg,1280,720,car,112,112,677,177
train/frame1754.jpg,1280,720,motorcycle,427,427,481,720
train/frame1754.jpg,1280,720,motorcycle,187,187,891,322
train/frame1754.jpg,1280,720,motorcycle,237,237,780,426
train/frame1754.jpg,1280,720,car,157,157,420,239
train/frame1754.jpg,1280,720,car,177,177,697,332
train/frame1754.jpg,1280,720,motorcycle,149,149,515,220
train/frame1754.jpg,1280,720,car,114,114,737,147
train/frame1754.jpg,1280,720,car,114,114,782,152
train/frame1754.jpg,1280,720,car,111,111,840,165
train/frame1715.jpg,1280,720,truck,197,197,392,380
train/frame1715.jpg,1280,720,motorcycle,426,426,608,718
train/frame1715.jpg,1280,720,motorcycle,176,176,792,316
train/frame1715.jpg,1280,720,car,165,165,545,269
train/frame1715.jpg,1280,720,motorcycle,155,155,876,247
train/frame1715.jpg,1280,720,car,128,128,827,200
train/frame1715.jpg,1280,720,car,116,116,750,162
train/frame1342.jpg,1280,720,car,161,161,419,237
train/frame1342.jpg,1280,720,motorcycle,303,303,425,553
train/frame1342.jpg,1280,720,motorcycle,268,268,670,460
train/frame1342.jpg,1280,720,motorcycle,273,273,781,476
train/frame1342.jpg,1280,720,motorcycle,172,172,767,271
train/frame1342.jpg,1280,720,motorcycle,171,171,490,275
train/frame1342.jpg,1280,720,motorcycle,223,223,548,411
train/frame1342.jpg,1280,720,motorcycle,139,139,563,204
train/frame1342.jpg,1280,720,car,121,121,661,186
train/frame1342.jpg,1280,720,motorcycle,127,127,838,197
train/frame1342.jpg,1280,720,motorcycle,158,158,989,259
train/frame1342.jpg,1280,720,motorcycle,135,135,948,216
train/frame1903.jpg,1280,720,car,162,162,418,239
train/frame1903.jpg,1280,720,car,150,150,611,251
train/frame1903.jpg,1280,720,car,246,246,397,383
train/frame1999.jpg,1280,720,motorcycle,210,210,704,369
train/frame1999.jpg,1280,720,car,205,205,427,353
train/frame1999.jpg,1280,720,car,135,135,789,226
train/frame1999.jpg,1280,720,motorcycle,157,157,573,233
train/frame1999.jpg,1280,720,car,127,127,605,208
train/frame1999.jpg,1280,720,car,122,122,693,175
train/frame1999.jpg,1280,720,car,161,161,419,231
train/frame1999.jpg,1280,720,car,119,119,881,164
train/frame1924.jpg,1280,720,car,134,134,668,220
train/frame1924.jpg,1280,720,car,188,188,536,285
train/frame1924.jpg,1280,720,car,189,189,368,325
train/frame1762.jpg,1280,720,car,153,153,422,242
train/frame1762.jpg,1280,720,motorcycle,204,204,869,370
train/frame1762.jpg,1280,720,motorcycle,280,280,741,501
train/frame1762.jpg,1280,720,car,205,205,632,411
train/frame1762.jpg,1280,720,truck,235,235,214,408
train/frame1762.jpg,1280,720,motorcycle,143,143,540,214
train/frame1762.jpg,1280,720,car,111,111,839,174
train/frame1762.jpg,1280,720,car,110,110,743,146
train/frame1762.jpg,1280,720,car,113,113,779,151
train/frame1762.jpg,1280,720,truck,128,128,649,216
train/frame1751.jpg,1280,720,car,153,153,423,237
train/frame1751.jpg,1280,720,motorcycle,382,382,539,687
train/frame1751.jpg,1280,720,motorcycle,180,180,892,316
train/frame1751.jpg,1280,720,motorcycle,226,226,804,404
train/frame1751.jpg,1280,720,car,174,174,722,316
train/frame1751.jpg,1280,720,motorcycle,146,146,500,232
train/frame1751.jpg,1280,720,car,105,105,839,169
train/frame1751.jpg,1280,720,car,112,112,780,154
train/frame1751.jpg,1280,720,car,111,111,735,150
train/frame1761.jpg,1280,720,car,157,157,423,239
train/frame1761.jpg,1280,720,motorcycle,205,205,873,365
train/frame1761.jpg,1280,720,motorcycle,273,273,746,485
train/frame1761.jpg,1280,720,motorcycle,145,145,535,215
train/frame1761.jpg,1280,720,car,204,204,641,400
train/frame1761.jpg,1280,720,truck,238,238,197,415
train/frame1761.jpg,1280,720,car,114,114,838,173
train/frame1761.jpg,1280,720,car,112,112,779,149
train/frame1761.jpg,1280,720,car,113,113,741,146
train/frame1761.jpg,1280,720,truck,129,129,645,211
train/frame1752.jpg,1280,720,motorcycle,180,180,891,319
train/frame1752.jpg,1280,720,motorcycle,396,396,520,714
train/frame1752.jpg,1280,720,motorcycle,231,231,796,409
train/frame1752.jpg,1280,720,car,157,157,420,239
train/frame1752.jpg,1280,720,motorcycle,150,150,503,232
train/frame1752.jpg,1280,720,car,178,178,710,322
train/frame1752.jpg,1280,720,car,108,108,842,169
train/frame1752.jpg,1280,720,car,112,112,780,153
train/frame1752.jpg,1280,720,car,116,116,739,145
train/frame1752.jpg,1280,720,truck,135,135,587,238
train/frame1926.jpg,1280,720,car,131,131,672,216
train/frame1926.jpg,1280,720,car,183,183,548,280
train/frame1926.jpg,1280,720,car,183,183,376,321
train/frame1370.jpg,1920,1080,motorcycle,389,389,379,668
train/frame1370.jpg,1920,1080,motorcycle,227,227,479,411
train/frame1370.jpg,1920,1080,motorcycle,323,323,909,597
train/frame1370.jpg,1920,1080,motorcycle,348,348,1303,634
train/frame1370.jpg,1920,1080,motorcycle,589,589,150,940
train/frame1370.jpg,1920,1080,motorcycle,154,154,173,285
train/frame1340.jpg,1280,720,motorcycle,255,255,684,447
train/frame1340.jpg,1280,720,motorcycle,169,169,484,282
train/frame1340.jpg,1280,720,car,155,155,419,242
train/frame1340.jpg,1280,720,motorcycle,162,162,772,266
train/frame1340.jpg,1280,720,motorcycle,141,141,561,211
train/frame1340.jpg,1280,720,motorcycle,124,124,838,195
train/frame1340.jpg,1280,720,motorcycle,155,155,989,258
train/frame1340.jpg,1280,720,motorcycle,287,287,462,523
train/frame1340.jpg,1280,720,motorcycle,264,264,795,464
train/frame1340.jpg,1280,720,car,121,121,660,186
train/frame1340.jpg,1280,720,motorcycle,134,134,943,211
train/frame1994.jpg,1280,720,car,215,215,388,385
train/frame1994.jpg,1280,720,car,161,161,416,236
train/frame1994.jpg,1280,720,motorcycle,194,194,733,332
train/frame1994.jpg,1280,720,motorcycle,157,157,555,240
train/frame1994.jpg,1280,720,car,130,130,601,210
train/frame1994.jpg,1280,720,car,125,125,687,180
train/frame1994.jpg,1280,720,car,129,129,799,215
train/frame1994.jpg,1280,720,car,110,110,882,161
train/frame898.jpg,1920,1080,motorcycle,595,595,133,936
train/frame898.jpg,1920,1080,motorcycle,532,532,585,892
train/frame898.jpg,1920,1080,car,169,169,452,412
train/frame1351.jpg,1280,720,motorcycle,399,399,246,716
train/frame1351.jpg,1280,720,motorcycle,314,314,749,550
train/frame1351.jpg,1280,720,motorcycle,314,314,611,539
train/frame1351.jpg,1280,720,motorcycle,266,266,442,501
train/frame1351.jpg,1280,720,car,158,158,422,241
train/frame1351.jpg,1280,720,motorcycle,154,154,539,257
train/frame1351.jpg,1280,720,motorcycle,189,189,726,308
train/frame1351.jpg,1280,720,motorcycle,131,131,949,218
train/frame1351.jpg,1280,720,motorcycle,132,132,822,214
train/frame1351.jpg,1280,720,motorcycle,158,158,1016,266
train/frame1351.jpg,1280,720,car,116,116,668,181
train/frame1351.jpg,1280,720,motorcycle,132,132,584,200
train/frame1905.jpg,1280,720,car,160,160,422,237
train/frame1905.jpg,1280,720,car,148,148,618,251
train/frame1905.jpg,1280,720,car,242,242,417,373
train/frame1905.jpg,1280,720,car,225,225,201,383
train/frame1718.jpg,1280,720,motorcycle,188,188,778,324
train/frame1718.jpg,1280,720,motorcycle,151,151,872,258
train/frame1718.jpg,1280,720,motorcycle,142,142,910,230
train/frame1718.jpg,1280,720,car,161,161,551,253
train/frame1718.jpg,1280,720,truck,189,189,420,354
train/frame1718.jpg,1280,720,car,135,135,822,204
train/frame1718.jpg,1280,720,car,115,115,753,161
train/frame1728.jpg,1280,720,motorcycle,216,216,743,392
train/frame1728.jpg,1280,720,motorcycle,147,147,908,241
train/frame1728.jpg,1280,720,motorcycle,166,166,858,289
train/frame1728.jpg,1280,720,car,135,135,811,222
train/frame1728.jpg,1280,720,car,153,153,585,235
train/frame1728.jpg,1280,720,truck,161,161,500,308
train/frame1739.jpg,1280,720,motorcycle,272,272,676,489
train/frame1739.jpg,1280,720,motorcycle,155,155,899,272
train/frame1739.jpg,1280,720,motorcycle,184,184,841,334
train/frame1739.jpg,1280,720,car,151,151,780,258
train/frame1739.jpg,1280,720,car,157,157,416,239
train/frame1739.jpg,1280,720,truck,147,147,562,278
train/frame1739.jpg,1280,720,car,142,142,614,214
train/frame1739.jpg,1280,720,car,107,107,843,161
train/frame1739.jpg,1280,720,car,114,114,774,151
train/frame1548.jpg,1920,1080,motorcycle,493,493,1836,887
train/frame1548.jpg,1920,1080,motorcycle,596,596,158,936
train/frame1548.jpg,1920,1080,motorcycle,315,315,1079,566
train/frame1548.jpg,1920,1080,bus,368,368,897,860
train/frame1726.jpg,1280,720,motorcycle,211,211,758,377
train/frame1726.jpg,1280,720,motorcycle,161,161,866,287
train/frame1726.jpg,1280,720,motorcycle,147,147,904,237
train/frame1726.jpg,1280,720,car,139,139,805,228
train/frame1726.jpg,1280,720,car,155,155,580,238
train/frame1726.jpg,1280,720,truck,168,168,485,319
train/frame1911.jpg,1280,720,car,142,142,635,241
train/frame1911.jpg,1280,720,car,161,161,423,220
train/frame1911.jpg,1280,720,car,208,208,269,361
train/frame1911.jpg,1280,720,car,215,215,468,330
train/frame1986.jpg,1280,720,car,238,238,313,430
train/frame1986.jpg,1280,720,car,161,161,418,244
train/frame1986.jpg,1280,720,motorcycle,179,179,769,290
train/frame1986.jpg,1280,720,car,139,139,583,214
train/frame1986.jpg,1280,720,motorcycle,165,165,517,256
train/frame1986.jpg,1280,720,car,129,129,676,189
train/frame1769.jpg,1280,720,motorcycle,233,233,851,412
train/frame1769.jpg,1280,720,motorcycle,330,330,680,590
train/frame1769.jpg,1280,720,car,157,157,421,236
train/frame1769.jpg,1280,720,truck,212,212,294,369
train/frame1769.jpg,1280,720,car,261,261,542,497
train/frame1769.jpg,1280,720,motorcycle,139,139,560,206
train/frame1769.jpg,1280,720,truck,120,120,669,214
train/frame1769.jpg,1280,720,car,110,110,836,181
train/frame1349.jpg,1280,720,motorcycle,373,373,297,689
train/frame1349.jpg,1280,720,motorcycle,259,259,472,477
train/frame1349.jpg,1280,720,motorcycle,296,296,630,520
train/frame1349.jpg,1280,720,motorcycle,303,303,760,530
train/frame1349.jpg,1280,720,car,158,158,420,241
train/frame1349.jpg,1280,720,motorcycle,162,162,530,258
train/frame1349.jpg,1280,720,motorcycle,178,178,731,301
train/frame1349.jpg,1280,720,motorcycle,130,130,830,209
train/frame1349.jpg,1280,720,motorcycle,134,134,949,216
train/frame1349.jpg,1280,720,motorcycle,155,155,1016,266
train/frame1349.jpg,1280,720,car,112,112,673,181
train/frame1349.jpg,1280,720,motorcycle,134,134,578,199
train/frame1753.jpg,1280,720,motorcycle,404,404,501,720
train/frame1753.jpg,1280,720,motorcycle,177,177,895,320
train/frame1753.jpg,1280,720,motorcycle,234,234,789,418
train/frame1753.jpg,1280,720,car,158,158,418,242
train/frame1753.jpg,1280,720,car,112,112,842,168
train/frame1753.jpg,1280,720,car,111,111,778,150
train/frame1753.jpg,1280,720,car,114,114,738,146
train/frame1753.jpg,1280,720,motorcycle,150,150,507,227
train/frame1919.jpg,1280,720,car,140,140,657,221
train/frame1919.jpg,1280,720,car,162,162,419,198
train/frame1919.jpg,1280,720,car,198,198,516,308
train/frame1919.jpg,1280,720,car,192,192,339,333
train/frame1900.jpg,1280,720,car,255,255,365,406
train/frame1900.jpg,1280,720,car,153,153,599,257
train/frame1900.jpg,1280,720,car,157,157,421,240
train/frame1720.jpg,1280,720,motorcycle,192,192,781,338
train/frame1720.jpg,1280,720,car,159,159,557,253
train/frame1720.jpg,1280,720,motorcycle,153,153,872,265
train/frame1720.jpg,1280,720,motorcycle,141,141,907,228
train/frame1720.jpg,1280,720,truck,182,182,441,347
train/frame1720.jpg,1280,720,car,141,141,819,211
train/frame1767.jpg,1280,720,motorcycle,226,226,857,395
train/frame1767.jpg,1280,720,motorcycle,313,313,699,567
train/frame1767.jpg,1280,720,car,162,162,419,238
train/frame1767.jpg,1280,720,car,244,244,571,463
train/frame1767.jpg,1280,720,truck,215,215,275,384
train/frame1767.jpg,1280,720,motorcycle,139,139,556,209
train/frame1767.jpg,1280,720,car,115,115,837,179
train/frame1767.jpg,1280,720,truck,125,125,664,216
train/frame1990.jpg,1280,720,car,159,159,419,244
train/frame1990.jpg,1280,720,car,226,226,352,403
train/frame1990.jpg,1280,720,car,129,129,684,184
train/frame1990.jpg,1280,720,motorcycle,184,184,751,309
train/frame1990.jpg,1280,720,motorcycle,168,168,532,249
train/frame1990.jpg,1280,720,car,128,128,808,209
train/frame1990.jpg,1280,720,car,136,136,592,211
train/frame1339.jpg,1280,720,car,155,155,420,234
train/frame1339.jpg,1280,720,motorcycle,164,164,777,261
train/frame1339.jpg,1280,720,motorcycle,176,176,474,282
train/frame1339.jpg,1280,720,motorcycle,257,257,691,437
train/frame1339.jpg,1280,720,motorcycle,264,264,792,453
train/frame1339.jpg,1280,720,motorcycle,212,212,577,388
train/frame1339.jpg,1280,720,motorcycle,120,120,843,197
train/frame1339.jpg,1280,720,motorcycle,151,151,981,258
train/frame1339.jpg,1280,720,motorcycle,145,145,560,209
train/frame1339.jpg,1280,720,car,120,120,658,188
train/frame1339.jpg,1280,720,motorcycle,131,131,941,209
train/frame1339.jpg,1280,720,motorcycle,280,280,473,507
train/frame1749.jpg,1280,720,car,105,105,846,169
train/frame1749.jpg,1280,720,motorcycle,364,364,568,645
train/frame1749.jpg,1280,720,motorcycle,170,170,900,304
train/frame1749.jpg,1280,720,motorcycle,220,220,808,385
train/frame1749.jpg,1280,720,car,155,155,423,241
train/frame1749.jpg,1280,720,motorcycle,151,151,489,230
train/frame1749.jpg,1280,720,car,170,170,734,300
train/frame1749.jpg,1280,720,truck,139,139,591,242
train/frame1749.jpg,1280,720,car,113,113,781,153
train/frame1749.jpg,1280,720,car,112,112,734,145
train/frame1347.jpg,1280,720,motorcycle,346,346,332,642
train/frame1347.jpg,1280,720,motorcycle,246,246,496,458
train/frame1347.jpg,1280,720,motorcycle,292,292,768,518
train/frame1347.jpg,1280,720,motorcycle,291,291,642,504
train/frame1347.jpg,1280,720,motorcycle,178,178,741,296
train/frame1347.jpg,1280,720,motorcycle,164,164,523,259
train/frame1347.jpg,1280,720,car,151,151,419,238
train/frame1347.jpg,1280,720,motorcycle,130,130,577,203
train/frame1347.jpg,1280,720,car,116,116,665,182
train/frame1347.jpg,1280,720,motorcycle,127,127,830,209
train/frame1347.jpg,1280,720,motorcycle,130,130,955,220
train/frame1347.jpg,1280,720,motorcycle,155,155,1011,272
train/frame1360.jpg,1280,720,motorcycle,368,368,701,650
train/frame1360.jpg,1280,720,motorcycle,376,376,526,651
train/frame1360.jpg,1280,720,motorcycle,341,341,282,638
train/frame1360.jpg,1280,720,motorcycle,211,211,654,357
train/frame1360.jpg,1280,720,motorcycle,141,141,946,234
train/frame1360.jpg,1280,720,motorcycle,142,142,803,230
train/frame1360.jpg,1280,720,motorcycle,146,146,581,238
train/frame1360.jpg,1280,720,car,158,158,423,239
train/frame1360.jpg,1280,720,car,114,114,684,174
train/frame1995.jpg,1280,720,motorcycle,198,198,728,337
train/frame1995.jpg,1280,720,car,211,211,397,381
train/frame1995.jpg,1280,720,car,161,161,421,237
train/frame1995.jpg,1280,720,motorcycle,153,153,558,243
train/frame1995.jpg,1280,720,car,125,125,687,182
train/frame1995.jpg,1280,720,car,130,130,601,207
train/frame1995.jpg,1280,720,car,133,133,801,221
train/frame1490.jpg,1920,1080,motorcycle,595,595,138,934
train/frame1490.jpg,1920,1080,truck,391,391,922,881
train/frame1490.jpg,1920,1080,motorcycle,254,254,601,405
train/frame1998.jpg,1280,720,car,210,210,423,361
train/frame1998.jpg,1280,720,motorcycle,208,208,711,363
train/frame1998.jpg,1280,720,car,124,124,690,175
train/frame1998.jpg,1280,720,motorcycle,150,150,566,231
train/frame1998.jpg,1280,720,car,157,157,420,232
train/frame1998.jpg,1280,720,car,127,127,606,205
train/frame1998.jpg,1280,720,car,131,131,795,222
train/frame1920.jpg,1280,720,car,136,136,659,220
train/frame1920.jpg,1280,720,car,196,196,519,301
train/frame1920.jpg,1280,720,car,194,194,344,335
train/frame1920.jpg,1280,720,car,161,161,377,228
train/frame1774.jpg,1280,720,motorcycle,251,251,833,454
train/frame1774.jpg,1280,720,motorcycle,374,374,622,685
train/frame1774.jpg,1280,720,car,159,159,418,240
train/frame1774.jpg,1280,720,truck,196,196,339,343
train/frame1774.jpg,1280,720,car,299,299,459,597
train/frame1774.jpg,1280,720,motorcycle,136,136,572,204
train/frame1774.jpg,1280,720,truck,114,114,683,210
train/frame1774.jpg,1280,720,car,115,115,834,186
train/frame2004.jpg,1280,720,motorcycle,241,241,661,416
train/frame2004.jpg,1280,720,motorcycle,305,305,83,498
train/frame2004.jpg,1280,720,car,198,198,456,344
train/frame2004.jpg,1280,720,car,140,140,779,238
train/frame2004.jpg,1280,720,motorcycle,148,148,590,222
train/frame2004.jpg,1280,720,car,126,126,615,204
train/frame2004.jpg,1280,720,car,122,122,689,176
train/frame2004.jpg,1280,720,car,115,115,884,169
train/frame2004.jpg,1280,720,car,108,108,767,146
train/frame1737.jpg,1280,720,motorcycle,261,261,688,466
train/frame1737.jpg,1280,720,motorcycle,155,155,908,266
train/frame1737.jpg,1280,720,motorcycle,182,182,845,326
train/frame1737.jpg,1280,720,car,147,147,785,251
train/frame1737.jpg,1280,720,car,103,103,846,164
train/frame1737.jpg,1280,720,car,109,109,770,147
train/frame1737.jpg,1280,720,car,150,150,607,222
train/frame1737.jpg,1280,720,truck,151,151,553,280
train/frame1737.jpg,1280,720,car,157,157,407,238
train/frame1909.jpg,1280,720,car,145,145,630,243
train/frame1909.jpg,1280,720,car,160,160,422,230
train/frame1909.jpg,1280,720,car,218,218,451,353
train/frame1909.jpg,1280,720,car,215,215,252,365
train/frame1760.jpg,1280,720,car,150,150,419,250
train/frame1760.jpg,1280,720,motorcycle,200,200,876,354
train/frame1760.jpg,1280,720,car,203,203,651,388
train/frame1760.jpg,1280,720,motorcycle,268,268,749,477
train/frame1760.jpg,1280,720,motorcycle,143,143,537,216
train/frame1760.jpg,1280,720,car,108,108,837,173
train/frame1760.jpg,1280,720,truck,245,245,187,424
train/frame1760.jpg,1280,720,car,114,114,741,146
train/frame1760.jpg,1280,720,car,111,111,779,150
train/frame1760.jpg,1280,720,truck,132,132,643,208
train/frame1901.jpg,1280,720,car,151,151,606,253
train/frame1901.jpg,1280,720,car,159,159,419,238
train/frame1901.jpg,1280,720,car,253,253,382,398
train/frame1913.jpg,1280,720,car,144,144,644,231
train/frame1913.jpg,1280,720,car,212,212,478,329
train/frame1913.jpg,1280,720,car,207,207,295,354
train/frame1913.jpg,1280,720,car,162,162,423,211
train/frame2000.jpg,1280,720,motorcycle,215,215,695,382
train/frame2000.jpg,1280,720,car,200,200,432,350
train/frame2000.jpg,1280,720,motorcycle,152,152,575,232
train/frame2000.jpg,1280,720,car,136,136,788,235
train/frame2000.jpg,1280,720,car,163,163,417,226
train/frame2000.jpg,1280,720,car,127,127,609,203
train/frame2000.jpg,1280,720,car,122,122,692,179
train/frame2000.jpg,1280,720,car,116,116,883,164
train/frame1348.jpg,1280,720,motorcycle,365,365,318,665
train/frame1348.jpg,1280,720,motorcycle,247,247,481,470
train/frame1348.jpg,1280,720,motorcycle,292,292,639,514
train/frame1348.jpg,1280,720,motorcycle,291,291,770,532
train/frame1348.jpg,1280,720,motorcycle,180,180,743,301
train/frame1348.jpg,1280,720,motorcycle,153,153,419,239
train/frame1348.jpg,1280,720,motorcycle,162,162,524,261
train/frame1348.jpg,1280,720,motorcycle,128,128,832,208
train/frame1348.jpg,1280,720,motorcycle,130,130,950,220
train/frame1348.jpg,1280,720,motorcycle,158,158,1014,272
train/frame1348.jpg,1280,720,motorcycle,131,131,580,203
train/frame1348.jpg,1280,720,car,119,119,668,178
train/frame1346.jpg,1280,720,motorcycle,339,339,362,622
train/frame1346.jpg,1280,720,motorcycle,241,241,510,449
train/frame1346.jpg,1280,720,motorcycle,281,281,651,495
train/frame1346.jpg,1280,720,motorcycle,282,282,774,512
train/frame1346.jpg,1280,720,car,151,151,423,242
train/frame1346.jpg,1280,720,motorcycle,166,166,519,262
train/frame1346.jpg,1280,720,motorcycle,174,174,749,285
train/frame1346.jpg,1280,720,motorcycle,128,128,834,211
train/frame1346.jpg,1280,720,motorcycle,128,128,949,220
train/frame1346.jpg,1280,720,motorcycle,153,153,1007,269
train/frame1346.jpg,1280,720,motorcycle,127,127,576,207
train/frame1346.jpg,1280,720,car,119,119,668,180
train/frame1775.jpg,1280,720,motorcycle,266,266,826,466
train/frame1775.jpg,1280,720,motorcycle,387,387,601,712
train/frame1775.jpg,1280,720,car,162,162,419,238
train/frame1775.jpg,1280,720,truck,195,195,352,336
train/frame1775.jpg,1280,720,car,314,314,436,626
train/frame1775.jpg,1280,720,motorcycle,137,137,574,202
train/frame1775.jpg,1280,720,car,114,114,834,181
train/frame1775.jpg,1280,720,truck,116,116,683,207
train/frame1706.jpg,1280,720,motorcycle,315,315,724,557
train/frame1706.jpg,1280,720,motorcycle,164,164,807,276
train/frame1706.jpg,1280,720,truck,224,224,287,446
train/frame1706.jpg,1280,720,car,182,182,503,287
train/frame1706.jpg,1280,720,car,114,114,746,168
train/frame1706.jpg,1280,720,motorcycle,149,149,881,238
train/frame1706.jpg,1280,720,car,123,123,846,182
train/frame1706.jpg,1280,720,car,164,164,370,220
train/frame1706.jpg,1280,720,motorcycle,135,135,916,207
train/frame1772.jpg,1280,720,motorcycle,248,248,840,433
train/frame1772.jpg,1280,720,motorcycle,354,354,642,648
train/frame1772.jpg,1280,720,car,159,159,421,238
train/frame1772.jpg,1280,720,truck,203,203,330,344
train/frame1772.jpg,1280,720,car,281,281,495,556
train/frame1772.jpg,1280,720,motorcycle,139,139,570,204
train/frame1772.jpg,1280,720,car,114,114,833,179
train/frame1772.jpg,1280,720,truck,120,120,677,209
train/frame1008.jpg,1920,1080,motorcycle,368,368,1163,687
train/frame1008.jpg,1920,1080,motorcycle,395,395,1665,740
train/frame1008.jpg,1920,1080,motorcycle,283,283,846,503
train/frame1008.jpg,1920,1080,motorcycle,707,707,1611,1076
train/frame1008.jpg,1920,1080,motorcycle,660,660,687,1060
train/frame1008.jpg,1920,1080,car,436,436,811,817
train/frame1008.jpg,1920,1080,car,223,223,336,409
train/frame1008.jpg,1920,1080,motorcycle,587,587,148,940
train/frame1008.jpg,1920,1080,motorcycle,309,309,660,434
train/frame1735.jpg,1280,720,motorcycle,250,250,705,450
train/frame1735.jpg,1280,720,motorcycle,154,154,905,259
train/frame1735.jpg,1280,720,motorcycle,180,180,853,316
train/frame1735.jpg,1280,720,car,139,139,781,247
train/frame1735.jpg,1280,720,car,147,147,607,226
train/frame1735.jpg,1280,720,truck,150,150,543,288
train/frame1735.jpg,1280,720,car,157,157,391,238
train/frame1735.jpg,1280,720,car,103,103,846,162
train/frame1735.jpg,1280,720,car,112,112,768,145
train/frame1916.jpg,1280,720,car,137,137,649,224
train/frame1916.jpg,1280,720,car,157,157,418,205
train/frame1916.jpg,1280,720,car,204,204,324,343
train/frame1916.jpg,1280,720,car,205,205,500,317
train/frame1357.jpg,1280,720,motorcycle,351,351,560,612
train/frame1357.jpg,1280,720,motorcycle,314,314,338,582
train/frame1357.jpg,1280,720,motorcycle,351,351,718,614
train/frame1357.jpg,1280,720,car,158,158,419,242
train/frame1357.jpg,1280,720,motorcycle,203,203,678,342
train/frame1357.jpg,1280,720,motorcycle,153,153,569,243
train/frame1357.jpg,1280,720,motorcycle,137,137,812,224
train/frame1357.jpg,1280,720,motorcycle,137,137,945,226
train/frame1357.jpg,1280,720,car,114,114,680,176
train/frame1357.jpg,1280,720,motorcycle,132,132,596,195
train/frame1770.jpg,1280,720,motorcycle,237,237,848,415
train/frame1770.jpg,1280,720,car,157,157,419,238
train/frame1770.jpg,1280,720,motorcycle,338,338,664,609
train/frame1770.jpg,1280,720,truck,204,204,299,353
train/frame1770.jpg,1280,720,car,262,262,527,519
train/frame1770.jpg,1280,720,motorcycle,137,137,564,208
train/frame1770.jpg,1280,720,car,116,116,838,179
train/frame1770.jpg,1280,720,truck,121,121,671,213
train/frame1297.jpg,1920,1080,motorcycle,594,594,148,932
train/frame1297.jpg,1920,1080,motorcycle,340,340,905,609
train/frame1297.jpg,1920,1080,motorcycle,574,574,1585,987
train/frame1297.jpg,1920,1080,motorcycle,221,221,452,407
train/frame1297.jpg,1920,1080,motorcycle,173,173,156,307
train/frame1914.jpg,1280,720,car,141,141,644,230
train/frame1914.jpg,1280,720,car,156,156,422,211
train/frame1914.jpg,1280,720,car,201,201,308,356
train/frame1914.jpg,1280,720,car,205,205,487,322
train/frame1976.jpg,1280,720,car,279,279,208,505
train/frame1976.jpg,1280,720,motorcycle,183,183,459,283
train/frame1976.jpg,1280,720,motorcycle,154,154,797,251
train/frame1976.jpg,1280,720,car,140,140,567,229
train/frame1976.jpg,1280,720,car,156,156,403,238
train/frame1976.jpg,1280,720,car,135,135,664,196
train/frame1976.jpg,1280,720,car,108,108,748,173
train/frame1417.jpg,1920,1080,motorcycle,421,421,456,740
train/frame1417.jpg,1920,1080,motorcycle,368,368,1334,668
train/frame1417.jpg,1920,1080,motorcycle,215,215,934,617
train/frame1417.jpg,1920,1080,motorcycle,590,590,150,942
train/frame1417.jpg,1920,1080,motorcycle,174,174,203,317
train/frame1649.jpg,1920,1080,truck,501,501,1632,1080
train/frame1649.jpg,1920,1080,motorcycle,592,592,156,934
train/frame1649.jpg,1920,1080,car,248,248,952,556
train/frame1649.jpg,1920,1080,motorcycle,266,266,234,472
train/frame1649.jpg,1920,1080,motorcycle,207,207,487,393
train/frame1649.jpg,1920,1080,motorcycle,209,209,254,372
train/frame1733.jpg,1280,720,motorcycle,235,235,718,428
train/frame1733.jpg,1280,720,motorcycle,150,150,904,250
train/frame1733.jpg,1280,720,motorcycle,174,174,850,309
train/frame1733.jpg,1280,720,motorcycle,138,138,793,235
train/frame1733.jpg,1280,720,car,146,146,599,228
train/frame1733.jpg,1280,720,truck,159,159,530,296
train/frame1733.jpg,1280,720,car,105,105,847,161
train/frame1733.jpg,1280,720,car,112,112,768,146
train/frame1733.jpg,1280,720,car,158,158,381,234
train/frame1993.jpg,1280,720,car,218,218,377,388
train/frame1993.jpg,1280,720,car,163,163,414,236
train/frame1993.jpg,1280,720,motorcycle,160,160,550,242
train/frame1993.jpg,1280,720,car,130,130,598,209
train/frame1993.jpg,1280,720,motorcycle,188,188,737,326
train/frame1993.jpg,1280,720,car,127,127,690,183
train/frame1993.jpg,1280,720,car,130,130,806,215
train/frame1863.jpg,1280,720,car,156,156,421,239
train/frame1863.jpg,1280,720,car,234,234,360,412
train/frame1863.jpg,1280,720,car,214,214,659,390
train/frame1354.jpg,1280,720,motorcycle,332,332,584,574
train/frame1354.jpg,1280,720,motorcycle,330,330,741,584
train/frame1354.jpg,1280,720,motorcycle,291,291,393,537
train/frame1354.jpg,1280,720,car,154,154,420,242
train/frame1354.jpg,1280,720,motorcycle,193,193,700,327
train/frame1354.jpg,1280,720,motorcycle,134,134,818,216
train/frame1354.jpg,1280,720,motorcycle,134,134,949,227
train/frame1354.jpg,1280,720,motorcycle,454,454,155,715
train/frame1354.jpg,1280,720,motorcycle,151,151,555,250
train/frame1354.jpg,1280,720,motorcycle,132,132,587,199
train/frame1354.jpg,1280,720,car,118,118,678,178
train/frame1037.jpg,1280,720,car,158,158,855,294
train/frame1037.jpg,1280,720,car,160,160,419,236
train/frame1037.jpg,1280,720,motorcycle,424,424,450,708
train/frame1037.jpg,1280,720,motorcycle,134,134,611,183
train/frame1741.jpg,1280,720,motorcycle,157,157,901,276
train/frame1741.jpg,1280,720,motorcycle,285,285,662,511
train/frame1741.jpg,1280,720,motorcycle,197,197,834,346
train/frame1741.jpg,1280,720,car,155,155,773,266
train/frame1741.jpg,1280,720,car,111,111,845,164
train/frame1741.jpg,1280,720,car,161,161,418,238
train/frame1741.jpg,1280,720,car,114,114,777,154
train/frame1741.jpg,1280,720,truck,146,146,580,266
train/frame1741.jpg,1280,720,car,143,143,615,214
train/frame1712.jpg,1280,720,motorcycle,381,381,657,674
train/frame1712.jpg,1280,720,motorcycle,170,170,801,303
train/frame1712.jpg,1280,720,car,169,169,528,274
train/frame1712.jpg,1280,720,truck,200,200,362,397
train/frame1712.jpg,1280,720,car,153,153,388,235
train/frame1712.jpg,1280,720,motorcycle,146,146,884,249
train/frame1712.jpg,1280,720,motorcycle,120,120,915,223
train/frame1712.jpg,1280,720,car,122,122,832,196
train/frame1712.jpg,1280,720,car,111,111,753,168
train/frame1925.jpg,1280,720,car,136,136,672,214
train/frame1925.jpg,1280,720,car,181,181,542,290
train/frame1925.jpg,1280,720,car,196,196,377,325
train/frame1980.jpg,1280,720,car,160,160,421,243
train/frame1980.jpg,1280,720,car,263,263,247,471
train/frame1980.jpg,1280,720,motorcycle,166,166,788,268
train/frame1980.jpg,1280,720,motorcycle,175,175,486,270
train/frame1980.jpg,1280,720,car,138,138,572,223
train/frame1980.jpg,1280,720,car,131,131,673,190
train/frame1980.jpg,1280,720,car,108,108,742,166
train/frame2005.jpg,1280,720,motorcycle,243,243,654,426
train/frame2005.jpg,1280,720,motorcycle,299,299,95,488
train/frame2005.jpg,1280,720,car,192,192,465,336
train/frame2005.jpg,1280,720,car,142,142,775,240
train/frame2005.jpg,1280,720,motorcycle,148,148,597,225
train/frame2005.jpg,1280,720,car,127,127,619,203
train/frame2005.jpg,1280,720,car,120,120,877,168
train/frame2005.jpg,1280,720,car,120,120,687,171
train/frame2005.jpg,1280,720,car,108,108,766,142
train/frame1927.jpg,1280,720,car,133,133,676,211
train/frame1927.jpg,1280,720,car,180,180,551,284
train/frame1927.jpg,1280,720,car,183,183,382,318
train/frame1740.jpg,1280,720,motorcycle,155,155,899,277
train/frame1740.jpg,1280,720,motorcycle,196,196,838,337
train/frame1740.jpg,1280,720,motorcycle,280,280,672,503
train/frame1740.jpg,1280,720,car,151,151,777,258
train/frame1740.jpg,1280,720,car,104,104,849,159
train/frame1740.jpg,1280,720,car,161,161,419,243
train/frame1740.jpg,1280,720,car,139,139,616,216
train/frame1740.jpg,1280,720,truck,143,143,566,269
train/frame1740.jpg,1280,720,car,108,108,778,153
train/frame1743.jpg,1280,720,motorcycle,301,301,635,538
train/frame1743.jpg,1280,720,motorcycle,166,166,897,282
train/frame1743.jpg,1280,720,motorcycle,201,201,831,353
train/frame1743.jpg,1280,720,car,151,151,760,272
train/frame1743.jpg,1280,720,car,100,100,845,165
train/frame1743.jpg,1280,720,car,159,159,420,243
train/frame1743.jpg,1280,720,car,116,116,777,153
train/frame1743.jpg,1280,720,truck,139,139,582,261
train/frame1743.jpg,1280,720,car,139,139,620,209
train/frame1352.jpg,1280,720,motorcycle,273,273,426,515
train/frame1352.jpg,1280,720,motorcycle,419,419,212,718
train/frame1352.jpg,1280,720,motorcycle,320,320,601,550
train/frame1352.jpg,1280,720,motorcycle,322,322,745,561
train/frame1352.jpg,1280,720,motorcycle,191,191,712,315
train/frame1352.jpg,1280,720,car,157,157,422,239
train/frame1352.jpg,1280,720,motorcycle,154,154,545,255
train/frame1352.jpg,1280,720,motorcycle,131,131,822,214
train/frame1352.jpg,1280,720,motorcycle,134,134,951,220
train/frame1352.jpg,1280,720,motorcycle,161,161,1020,270
train/frame1352.jpg,1280,720,motorcycle,132,132,588,203
train/frame1352.jpg,1280,720,car,116,116,676,178
train/frame1744.jpg,1280,720,motorcycle,165,165,900,285
train/frame1744.jpg,1280,720,motorcycle,301,301,628,551
train/frame1744.jpg,1280,720,motorcycle,204,204,826,364
train/frame1744.jpg,1280,720,car,159,159,757,280
train/frame1744.jpg,1280,720,car,154,154,420,239
train/frame1744.jpg,1280,720,truck,141,141,584,255
train/frame1744.jpg,1280,720,car,137,137,624,209
train/frame1744.jpg,1280,720,motorcycle,162,162,465,241
train/frame1744.jpg,1280,720,car,103,103,845,165
train/frame1744.jpg,1280,720,car,114,114,780,155
train/frame1744.jpg,1280,720,car,111,111,734,147
train/frame1975.jpg,1280,720,car,286,286,189,510
train/frame1975.jpg,1280,720,motorcycle,181,181,449,283
train/frame1975.jpg,1280,720,car,161,161,392,241
train/frame1975.jpg,1280,720,car,140,140,558,230
train/frame1975.jpg,1280,720,car,136,136,663,198
train/frame1975.jpg,1280,720,motorcycle,151,151,799,246
train/frame1727.jpg,1280,720,motorcycle,215,215,750,381
train/frame1727.jpg,1280,720,motorcycle,165,165,861,282
train/frame1727.jpg,1280,720,motorcycle,141,141,908,243
train/frame1727.jpg,1280,720,car,137,137,807,226
train/frame1727.jpg,1280,720,car,149,149,581,234
train/frame1727.jpg,1280,720,truck,168,168,491,316
train/frame1724.jpg,1280,720,motorcycle,204,204,761,359
train/frame1724.jpg,1280,720,motorcycle,161,161,866,282
train/frame1724.jpg,1280,720,motorcycle,147,147,910,235
train/frame1724.jpg,1280,720,car,155,155,573,239
train/frame1724.jpg,1280,720,truck,168,168,469,328
train/frame1724.jpg,1280,720,car,137,137,812,215
train/frame1979.jpg,1280,720,motorcycle,163,163,794,264
train/frame1979.jpg,1280,720,car,267,267,238,474
train/frame1979.jpg,1280,720,car,159,159,418,240
train/frame1979.jpg,1280,720,motorcycle,178,178,479,269
train/frame1979.jpg,1280,720,car,141,141,564,226
train/frame1979.jpg,1280,720,car,134,134,671,190
train/frame1979.jpg,1280,720,car,109,109,744,168
train/frame1723.jpg,1280,720,motorcycle,204,204,762,351
train/frame1723.jpg,1280,720,motorcycle,157,157,866,280
train/frame1723.jpg,1280,720,motorcycle,143,143,903,234
train/frame1723.jpg,1280,720,car,135,135,819,215
train/frame1723.jpg,1280,720,car,155,155,566,239
train/frame1723.jpg,1280,720,truck,181,181,464,331
train/frame1918.jpg,1280,720,car,138,138,655,219
train/frame1918.jpg,1280,720,car,158,158,416,201
train/frame1918.jpg,1280,720,car,199,199,511,308
train/frame1918.jpg,1280,720,car,192,192,332,338
train/frame1912.jpg,1280,720,car,142,142,640,235
train/frame1912.jpg,1280,720,car,160,160,417,215
train/frame1912.jpg,1280,720,car,208,208,285,361
train/frame1912.jpg,1280,720,car,212,212,472,335
train/frame1717.jpg,1280,720,motorcycle,184,184,788,324
train/frame1717.jpg,1280,720,car,159,159,551,264
train/frame1717.jpg,1280,720,motorcycle,457,457,567,720
train/frame1717.jpg,1280,720,motorcycle,149,149,874,261
train/frame1717.jpg,1280,720,motorcycle,134,134,910,228
train/frame1717.jpg,1280,720,truck,184,184,410,362
train/frame1717.jpg,1280,720,car,127,127,823,205
train/frame1717.jpg,1280,720,car,116,116,751,161
train/frame1713.jpg,1280,720,motorcycle,396,396,641,695
train/frame1713.jpg,1280,720,motorcycle,173,173,797,301
train/frame1713.jpg,1280,720,motorcycle,146,146,877,247
train/frame1713.jpg,1280,720,motorcycle,128,128,912,224
train/frame1713.jpg,1280,720,car,172,172,532,266
train/frame1713.jpg,1280,720,bus,193,193,374,384
train/frame1713.jpg,1280,720,truck,197,197,374,387
train/frame1713.jpg,1280,720,car,158,158,384,224
train/frame1713.jpg,1280,720,car,126,126,826,195
train/frame1713.jpg,1280,720,car,118,118,749,161
train/frame1355.jpg,1280,720,motorcycle,296,296,378,555
train/frame1355.jpg,1280,720,motorcycle,341,341,576,585
train/frame1355.jpg,1280,720,motorcycle,334,334,734,595
train/frame1355.jpg,1280,720,motorcycle,468,468,122,720
train/frame1355.jpg,1280,720,car,158,158,422,241
train/frame1355.jpg,1280,720,motorcycle,151,151,557,245
train/frame1355.jpg,1280,720,motorcycle,196,196,691,331
train/frame1355.jpg,1280,720,motorcycle,135,135,816,223
train/frame1355.jpg,1280,720,motorcycle,131,131,949,230
train/frame1355.jpg,1280,720,motorcycle,134,134,592,199
train/frame1355.jpg,1280,720,car,118,118,676,178
train/frame1977.jpg,1280,720,motorcycle,179,179,463,279
train/frame1977.jpg,1280,720,motorcycle,158,158,794,251
train/frame1977.jpg,1280,720,car,274,274,211,488
train/frame1977.jpg,1280,720,car,160,160,416,240
train/frame1977.jpg,1280,720,car,131,131,668,195
train/frame1977.jpg,1280,720,car,141,141,566,231
train/frame1729.jpg,1280,720,motorcycle,224,224,741,392
train/frame1729.jpg,1280,720,motorcycle,147,147,911,242
train/frame1729.jpg,1280,720,motorcycle,168,168,864,299
train/frame1729.jpg,1280,720,car,142,142,800,226
train/frame1729.jpg,1280,720,car,151,151,591,234
train/frame1729.jpg,1280,720,truck,161,161,501,301
train/frame1729.jpg,1280,720,car,107,107,851,153
train/frame1173.jpg,1920,1080,motorcycle,234,234,673,456
train/frame1173.jpg,1920,1080,motorcycle,597,597,140,932
train/frame1173.jpg,1920,1080,car,295,295,1522,793
train/frame1865.jpg,1280,720,car,159,159,421,237
train/frame1865.jpg,1280,720,car,228,228,382,399
train/frame1865.jpg,1280,720,truck,221,221,654,408
train/frame1731.jpg,1280,720,motorcycle,234,234,727,405
train/frame1731.jpg,1280,720,motorcycle,153,153,904,249
train/frame1731.jpg,1280,720,car,135,135,804,228
train/frame1731.jpg,1280,720,car,154,154,595,222
train/frame1731.jpg,1280,720,truck,164,164,518,295
train/frame1731.jpg,1280,720,car,165,165,374,232
train/frame1731.jpg,1280,720,car,103,103,846,157
train/frame1731.jpg,1280,720,car,111,111,765,142
train/frame1983.jpg,1280,720,car,161,161,418,245
train/frame1983.jpg,1280,720,motorcycle,170,170,501,265
train/frame1983.jpg,1280,720,motorcycle,169,169,782,275
train/frame1983.jpg,1280,720,car,253,253,283,444
train/frame1983.jpg,1280,720,car,131,131,676,193
train/frame1983.jpg,1280,720,car,111,111,741,165
train/frame1983.jpg,1280,720,car,135,135,576,219
train/frame1908.jpg,1280,720,car,148,148,626,244
train/frame1908.jpg,1280,720,car,162,162,421,234
train/frame1908.jpg,1280,720,car,225,225,442,363
train/frame1908.jpg,1280,720,car,219,219,238,368
train/frame1997.jpg,1280,720,motorcycle,204,204,714,352
train/frame1997.jpg,1280,720,car,208,208,409,361
train/frame1997.jpg,1280,720,car,158,158,420,233
train/frame1997.jpg,1280,720,car,136,136,793,225
train/frame1997.jpg,1280,720,motorcycle,155,155,566,240
train/frame1997.jpg,1280,720,car,124,124,693,180
train/frame1997.jpg,1280,720,car,127,127,605,207
train/frame1773.jpg,1280,720,motorcycle,253,253,835,443
train/frame1773.jpg,1280,720,motorcycle,366,366,635,671
train/frame1773.jpg,1280,720,truck,197,197,335,343
train/frame1773.jpg,1280,720,car,291,291,477,583
train/frame1773.jpg,1280,720,car,161,161,419,237
train/frame1773.jpg,1280,720,motorcycle,139,139,569,202
train/frame1773.jpg,1280,720,truck,118,118,677,207
train/frame1773.jpg,1280,720,car,113,113,830,184
train/frame1721.jpg,1280,720,motorcycle,199,199,773,343
train/frame1721.jpg,1280,720,motorcycle,157,157,872,270
train/frame1721.jpg,1280,720,motorcycle,147,147,904,232
train/frame1721.jpg,1280,720,car,141,141,819,209
train/frame1721.jpg,1280,720,truck,176,176,443,337
train/frame1721.jpg,1280,720,car,159,159,561,245
train/frame1716.jpg,1280,720,motorcycle,181,181,792,322
train/frame1716.jpg,1280,720,motorcycle,442,442,599,720
train/frame1716.jpg,1280,720,car,159,159,541,268
train/frame1716.jpg,1280,720,motorcycle,146,146,874,257
train/frame1716.jpg,1280,720,motorcycle,134,134,911,223
train/frame1716.jpg,1280,720,car,132,132,826,200
train/frame1716.jpg,1280,720,car,114,114,751,166
train/frame1716.jpg,1280,720,truck,199,199,410,368
train/frame1358.jpg,1280,720,motorcycle,357,357,710,622
train/frame1358.jpg,1280,720,motorcycle,359,359,545,619
train/frame1358.jpg,1280,720,motorcycle,322,322,320,597
train/frame1358.jpg,1280,720,car,157,157,419,238
train/frame1358.jpg,1280,720,motorcycle,205,205,669,343
train/frame1358.jpg,1280,720,motorcycle,151,151,568,238
train/frame1358.jpg,1280,720,motorcycle,137,137,810,223
train/frame1358.jpg,1280,720,motorcycle,132,132,945,230
train/frame1358.jpg,1280,720,motorcycle,131,131,593,196
train/frame1358.jpg,1280,720,car,112,112,681,176
train/frame1902.jpg,1280,720,car,161,161,418,237
train/frame1902.jpg,1280,720,car,151,151,606,249
train/frame1902.jpg,1280,720,car,250,250,386,391
train/frame1065.jpg,1280,720,motorcycle,207,207,312,311
train/frame1065.jpg,1280,720,car,162,162,419,236
train/frame1065.jpg,1280,720,car,226,226,781,453
train/frame1065.jpg,1280,720,motorcycle,123,123,646,171
train/frame1730.jpg,1280,720,motorcycle,226,226,732,399
train/frame1730.jpg,1280,720,motorcycle,149,149,908,247
train/frame1730.jpg,1280,720,motorcycle,169,169,854,296
train/frame1730.jpg,1280,720,car,143,143,796,227
train/frame1730.jpg,1280,720,car,149,149,587,231
train/frame1730.jpg,1280,720,truck,164,164,510,300
train/frame1730.jpg,1280,720,car,107,107,847,157
train/frame1929.jpg,1280,720,car,131,131,678,210
train/frame1929.jpg,1280,720,car,180,180,556,274
train/frame1929.jpg,1280,720,car,184,184,393,316
train/frame1981.jpg,1280,720,car,262,262,260,455
train/frame1981.jpg,1280,720,car,159,159,421,241
train/frame1981.jpg,1280,720,motorcycle,176,176,488,268
train/frame1981.jpg,1280,720,car,136,136,577,219
train/frame1981.jpg,1280,720,car,131,131,672,193
train/frame1981.jpg,1280,720,motorcycle,166,166,786,268
train/frame1125.jpg,1920,1080,motorcycle,542,542,832,905
train/frame1125.jpg,1920,1080,motorcycle,589,589,152,942
train/frame1125.jpg,1920,1080,motorcycle,246,246,544,436
train/frame1125.jpg,1920,1080,motorcycle,258,258,354,454
train/frame1125.jpg,1920,1080,car,409,409,1624,887
train/frame1764.jpg,1280,720,motorcycle,214,214,865,376
train/frame1764.jpg,1280,720,truck,227,227,234,392
train/frame1764.jpg,1280,720,motorcycle,289,289,723,523
train/frame1764.jpg,1280,720,car,157,157,419,237
train/frame1764.jpg,1280,720,motorcycle,143,143,546,211
train/frame1764.jpg,1280,720,car,224,224,607,428
train/frame1764.jpg,1280,720,truck,127,127,660,220
train/frame1764.jpg,1280,720,car,115,115,838,174
train/frame1861.jpg,1280,720,car,159,159,421,240
train/frame1861.jpg,1280,720,car,245,245,340,431
train/frame1861.jpg,1280,720,truck,206,206,670,377
train/frame1928.jpg,1280,720,car,134,134,679,215
train/frame1928.jpg,1280,720,car,180,180,554,273
train/frame1928.jpg,1280,720,car,190,190,393,314
train/frame873.jpg,1920,1080,truck,266,266,1174,967
train/frame873.jpg,1920,1080,motorcycle,589,589,152,940
train/frame1722.jpg,1280,720,motorcycle,200,200,769,349
train/frame1722.jpg,1280,720,motorcycle,158,158,868,269
train/frame1722.jpg,1280,720,car,158,158,564,247
train/frame1722.jpg,1280,720,truck,178,178,450,335
train/frame1722.jpg,1280,720,motorcycle,149,149,908,235
train/frame1722.jpg,1280,720,car,130,130,822,214
train/frame1771.jpg,1280,720,motorcycle,243,243,844,426
train/frame1771.jpg,1280,720,motorcycle,349,349,657,628
train/frame1771.jpg,1280,720,car,160,160,422,236
train/frame1771.jpg,1280,720,truck,202,202,315,349
train/frame1771.jpg,1280,720,car,274,274,512,531
train/frame1771.jpg,1280,720,motorcycle,141,141,566,203
train/frame1771.jpg,1280,720,truck,121,121,676,212
train/frame1771.jpg,1280,720,car,115,115,834,178
train/frame1359.jpg,1280,720,motorcycle,364,364,705,638
train/frame1359.jpg,1280,720,motorcycle,369,369,535,639
train/frame1359.jpg,1280,720,motorcycle,331,331,304,618
train/frame1359.jpg,1280,720,car,159,159,419,238
train/frame1359.jpg,1280,720,car,116,116,682,176
train/frame1359.jpg,1280,720,motorcycle,209,209,661,354
train/frame1359.jpg,1280,720,motorcycle,149,149,574,237
train/frame1359.jpg,1280,720,motorcycle,130,130,596,196
train/frame1359.jpg,1280,720,motorcycle,138,138,805,227
train/frame1359.jpg,1280,720,motorcycle,137,137,946,230
train/frame1923.jpg,1280,720,car,136,136,668,214
train/frame1923.jpg,1280,720,car,189,189,532,290
train/frame1923.jpg,1280,720,car,191,191,363,330
train/frame1923.jpg,1280,720,car,160,160,392,238
train/frame1338.jpg,1280,720,car,155,155,419,239
train/frame1338.jpg,1280,720,car,123,123,658,188
train/frame1338.jpg,1280,720,motorcycle,276,276,489,497
train/frame1338.jpg,1280,720,motorcycle,253,253,694,434
train/frame1338.jpg,1280,720,motorcycle,257,257,797,450
train/frame1338.jpg,1280,720,motorcycle,205,205,585,382
train/frame1338.jpg,1280,720,motorcycle,178,178,468,280
train/frame1338.jpg,1280,720,motorcycle,140,140,554,207
train/frame1338.jpg,1280,720,motorcycle,157,157,780,257
train/frame1338.jpg,1280,720,motorcycle,128,128,840,193
train/frame1338.jpg,1280,720,motorcycle,157,157,982,260
train/frame2001.jpg,1280,720,motorcycle,225,225,697,386
train/frame2001.jpg,1280,720,car,200,200,439,342
train/frame2001.jpg,1280,720,car,133,133,786,235
train/frame2001.jpg,1280,720,car,124,124,692,175
train/frame2001.jpg,1280,720,motorcycle,152,152,577,231
train/frame2001.jpg,1280,720,car,161,161,420,224
train/frame2001.jpg,1280,720,car,130,130,610,205
train/frame2001.jpg,1280,720,car,116,116,878,166
train/frame1755.jpg,1280,720,motorcycle,184,184,889,327
train/frame1755.jpg,1280,720,car,159,159,423,241
train/frame1755.jpg,1280,720,motorcycle,445,445,459,720
train/frame1755.jpg,1280,720,motorcycle,246,246,780,434
train/frame1755.jpg,1280,720,car,188,188,692,339
train/frame1755.jpg,1280,720,car,111,111,842,168
train/frame1755.jpg,1280,720,motorcycle,150,150,516,224
train/frame1755.jpg,1280,720,car,113,113,738,146
train/frame1755.jpg,1280,720,car,113,113,783,153
train/frame1350.jpg,1280,720,motorcycle,388,388,270,707
train/frame1350.jpg,1280,720,motorcycle,307,307,754,541
train/frame1350.jpg,1280,720,motorcycle,304,304,620,530
train/frame1350.jpg,1280,720,motorcycle,261,261,462,485
train/frame1350.jpg,1280,720,motorcycle,157,157,537,255
train/frame1350.jpg,1280,720,car,161,161,420,235
train/frame1350.jpg,1280,720,motorcycle,182,182,726,301
train/frame1350.jpg,1280,720,motorcycle,134,134,582,199
train/frame1350.jpg,1280,720,motorcycle,131,131,827,207
train/frame1350.jpg,1280,720,motorcycle,131,131,950,220
train/frame1350.jpg,1280,720,motorcycle,155,155,1015,266
train/frame1350.jpg,1280,720,car,116,116,668,180
train/frame1896.jpg,1920,1080,motorcycle,487,487,1437,852
train/frame1896.jpg,1920,1080,motorcycle,232,232,296,405
train/frame1896.jpg,1920,1080,motorcycle,189,189,372,347
train/frame1896.jpg,1920,1080,motorcycle,558,558,1917,985
train/frame1896.jpg,1920,1080,car,425,425,687,772
train/frame1705.jpg,1280,720,motorcycle,309,309,731,545
train/frame1705.jpg,1280,720,truck,227,227,269,449
train/frame1705.jpg,1280,720,car,180,180,499,293
train/frame1705.jpg,1280,720,motorcycle,158,158,812,277
train/frame1705.jpg,1280,720,motorcycle,145,145,885,231
train/frame1705.jpg,1280,720,car,157,157,377,231
train/frame1705.jpg,1280,720,car,114,114,741,168
train/frame1705.jpg,1280,720,car,124,124,849,181
train/frame1745.jpg,1280,720,motorcycle,168,168,895,287
train/frame1745.jpg,1280,720,motorcycle,320,320,618,569
train/frame1745.jpg,1280,720,motorcycle,204,204,823,364
train/frame1745.jpg,1280,720,car,159,159,751,287
train/frame1745.jpg,1280,720,car,154,154,422,238
train/frame1745.jpg,1280,720,truck,146,146,588,257
train/frame1745.jpg,1280,720,motorcycle,157,157,468,234
train/frame1745.jpg,1280,720,car,142,142,623,214
train/frame1745.jpg,1280,720,car,109,109,780,152
train/frame1745.jpg,1280,720,car,111,111,733,147
train/frame1745.jpg,1280,720,car,108,108,844,164
train/frame1344.jpg,1280,720,car,158,158,418,239
train/frame1344.jpg,1280,720,car,119,119,665,185
train/frame1344.jpg,1280,720,motorcycle,138,138,569,204
train/frame1344.jpg,1280,720,motorcycle,319,319,394,581
train/frame1344.jpg,1280,720,motorcycle,232,232,528,429
train/frame1344.jpg,1280,720,motorcycle,276,276,662,475
train/frame1344.jpg,1280,720,motorcycle,278,278,775,490
train/frame1344.jpg,1280,720,motorcycle,173,173,759,282
train/frame1344.jpg,1280,720,motorcycle,130,130,834,199
train/frame1344.jpg,1280,720,motorcycle,134,134,952,215
train/frame1344.jpg,1280,720,motorcycle,158,158,998,260
train/frame1982.jpg,1280,720,car,257,257,269,444
train/frame1982.jpg,1280,720,car,163,163,418,240
train/frame1982.jpg,1280,720,motorcycle,168,168,783,271
train/frame1982.jpg,1280,720,motorcycle,173,173,497,263
train/frame1982.jpg,1280,720,car,139,139,576,220
train/frame1982.jpg,1280,720,car,134,134,671,193
train/frame1982.jpg,1280,720,car,112,112,745,166
